X,Y
-3.0,33.652459891811155
-2.979933110367893,32.11066869096511
-2.959866220735786,32.5890281729447
-2.939799331103679,33.20432511767989
-2.919732441471572,30.10706666998993
-2.899665551839465,29.505134569863877
-2.879598662207358,31.477788887256917
-2.859531772575251,29.747973378244765
-2.839464882943144,27.426829975692122
-2.819397993311037,28.29594856493347
-2.79933110367893,26.32082064533746
-2.779264214046823,25.774622915129218
-2.759197324414716,26.241934863235798
-2.739130434782609,22.669738695688157
-2.719063545150502,22.421074392153944
-2.6989966555183944,23.559288969979082
-2.678929765886288,22.425069969467113
-2.6588628762541804,23.81361057745102
-2.638795986622074,21.605532803624545
-2.6187290969899664,20.421440653093615
-2.5986622073578594,24.029024829512764
-2.5785953177257523,21.182897840155544
-2.5585284280936453,21.151854330390446
-2.5384615384615383,18.60375835173473
-2.5183946488294313,19.419113942524984
-2.4983277591973243,19.92410551342828
-2.4782608695652173,17.725546144757452
-2.4581939799331103,19.478374742750574
-2.4381270903010033,17.698979959518095
-2.4180602006688963,17.744734031683883
-2.3979933110367893,16.922529403467177
-2.3779264214046822,20.01648204984617
-2.3578595317725752,17.00854078375777
-2.3377926421404682,15.169528817022764
-2.317725752508361,17.473303752805382
-2.297658862876254,14.235067561977816
-2.277591973244147,15.915288938848095
-2.25752508361204,12.513486667929602
-2.237458193979933,13.078064988339346
-2.217391304347826,14.912790677917611
-2.197324414715719,15.363079081305731
-2.177257525083612,14.251685663624517
-2.157190635451505,13.542552583563634
-2.137123745819398,12.98311742886308
-2.1170568561872907,11.02680828107587
-2.096989966555184,11.814431207146987
-2.0769230769230766,11.901478468577817
-2.05685618729097,13.774083903935093
-2.0367892976588626,12.496803752587635
-2.016722408026756,9.254813635065489
-1.9966555183946488,11.949145007437231
-1.9765886287625418,10.694251956561859
-1.9565217391304348,10.034785917971604
-1.9364548494983278,11.615546523239523
-1.9163879598662208,11.972028714169952
-1.8963210702341138,11.599449086835978
-1.8762541806020065,8.868921470962892
-1.8561872909698995,9.396600073850275
-1.8361204013377925,10.085227250350394
-1.8160535117056855,10.783872507306818
-1.7959866220735785,8.5186347897167
-1.7759197324414715,8.730244813412702
-1.7558528428093645,7.229118322955363
-1.7357859531772575,6.907235225563903
-1.7157190635451505,9.557455285887803
-1.6956521739130435,10.13997640714892
-1.6755852842809364,7.937790238159479
-1.6555183946488294,9.280496273832721
-1.6354515050167224,8.198292746180389
-1.6153846153846154,6.603942085587676
-1.5953177257525084,7.86055289180462
-1.5752508361204014,9.361449359382952
-1.5551839464882944,6.976164500603977
-1.5351170568561872,9.083608723235717
-1.5150501672240801,3.0135009013070553
-1.4949832775919731,7.731639103768217
-1.4749163879598661,6.546641527105613
-1.4548494983277591,5.858184832789767
-1.434782608695652,6.271513932495587
-1.414715719063545,3.194721851461007
-1.394648829431438,5.561787244518874
-1.374581939799331,6.247355758923251
-1.354515050167224,7.705177071452561
-1.334448160535117,4.757831246841899
-1.31438127090301,4.2258456766634644
-1.294314381270903,4.54082099266599
-1.274247491638796,6.428840337647273
-1.254180602006689,5.485651556375836
-1.2341137123745818,4.160540480455945
-1.2140468227424748,5.527097436727435
-1.1939799331103678,4.832435445450964
-1.1739130434782608,5.96130476840716
-1.1538461538461537,3.4971771041231676
-1.1337792642140467,3.9274942192183486
-1.1137123745819397,3.739397811681192
-1.0936454849498327,2.129383742384819
-1.0735785953177257,4.525152707036111
-1.0535117056856187,4.384863128846262
-1.0334448160535117,3.93418406027419
-1.0133779264214047,3.5083984502068537
-0.9933110367892977,1.753593553514237
-0.9732441471571907,3.0772450738078665
-0.9531772575250836,3.1061250042264015
-0.9331103678929766,2.376596559270961
-0.9130434782608696,3.2051605492357353
-0.8929765886287626,3.928357907029095
-0.8729096989966556,5.949682637394568
-0.8528428093645486,3.455904681479346
-0.8327759197324416,3.501533620581953
-0.8127090301003346,2.9617497029460265
-0.7926421404682276,0.2846073479250064
-0.7725752508361206,2.8931453199538635
-0.7525083612040131,2.949613966473818
-0.7324414715719061,6.283050282904656
-0.7123745819397991,2.4637540780039204
-0.6923076923076921,3.0997288371467673
-0.6722408026755851,2.5628194602744827
-0.652173913043478,0.8988931080679821
-0.632107023411371,4.108666583492663
-0.612040133779264,3.497719044051221
-0.591973244147157,3.4958675720276062
-0.57190635451505,1.0349304562708679
-0.551839464882943,4.249598390852988
-0.531772575250836,0.22887613333252665
-0.511705685618729,2.987842456876336
-0.49163879598662197,5.203012178292123
-0.47157190635451496,0.6525482213235898
-0.45150501672240795,1.2014184710318307
-0.43143812709030094,2.092857236902489
-0.41137123745819393,1.1902603569246062
-0.3913043478260869,-0.3396527287195039
-0.3712374581939799,1.9019661390207576
-0.3511705685618729,0.25499199900259706
-0.3311036789297659,2.379989838360759
-0.3110367892976589,0.36345392101828256
-0.29096989966555187,3.809691428839818
-0.27090301003344486,0.4646288649182573
-0.25083612040133785,1.0719187248571784
-0.23076923076923084,2.633416601302744
-0.21070234113712383,-0.3017690859012354
-0.19063545150501682,1.7170579447165704
-0.1705685618729098,3.2008239156614247
-0.1505016722408028,-0.9638161406169847
-0.1304347826086958,1.5282650188690083
-0.11036789297658878,1.5926916909826447
-0.09030100334448132,2.289181988877206
-0.07023411371237431,-0.6071084871640362
-0.0501672240802673,-0.7662014543963993
-0.030100334448160293,1.7986465019332476
-0.010033444816053283,1.440100453550696
0.010033444816053727,1.3342168027862815
0.030100334448160737,1.4300464439044154
0.05016722408026775,-0.06122601316366383
0.07023411371237476,1.1895506312365043
0.09030100334448177,1.2364123639198696
0.11036789297658878,-0.2272273164649754
0.1304347826086958,3.3829082409732827
0.1505016722408028,1.375898216947832
0.1705685618729098,-1.0172681352216828
0.19063545150501682,1.5578822071279057
0.21070234113712383,-0.7869585931632959
0.23076923076923084,1.6668135747141075
0.25083612040133785,2.154648439784728
0.27090301003344486,-0.6818563861963303
0.29096989966555187,1.8039758989511119
0.3110367892976589,0.9882839170402238
0.3311036789297659,1.5302335219625558
0.3511705685618729,3.0134510930028293
0.3712374581939799,-0.05255904715957199
0.3913043478260869,-0.8078028545597502
0.41137123745819393,-1.035973280029288
0.43143812709030094,-0.9677072528270465
0.45150501672240795,0.041204871092184764
0.47157190635451496,0.5971181554548861
0.49163879598662197,0.47056813301545275
0.511705685618729,1.213899021140404
0.5317725752508364,0.027502194312430832
0.5518394648829434,2.0299724450646104
0.5719063545150505,-0.43443684527377385
0.5919732441471575,3.7524633358095913
0.6120401337792645,0.7563588515774671
0.6321070234113715,-1.3744429916414553
0.6521739130434785,-1.710207738137065
0.6722408026755855,0.4533697417611101
0.6923076923076925,-0.577886431443845
0.7123745819397995,0.7152873658160541
0.7324414715719065,0.3425264359935133
0.7525083612040135,-0.46165451013510367
0.7725752508361206,-1.5877710294984548
0.7926421404682276,-2.563727649650396
0.8127090301003346,-1.083667013340449
0.8327759197324416,0.7285578748447231
0.8528428093645486,-0.20973630013838196
0.8729096989966556,-2.303732604927078
0.8929765886287626,-0.3260808101707652
0.9130434782608696,-0.05457847300663199
0.9331103678929766,-1.8774439374673029
0.9531772575250836,-0.43751549261163314
0.9732441471571907,-0.5994600926385079
0.9933110367892977,-2.3244517099185056
1.0133779264214047,-0.22770575257279635
1.0334448160535121,0.03437859647798536
1.0535117056856187,0.7486547285496059
1.0735785953177261,0.6836743901250665
1.0936454849498327,-2.777827267319441
1.1137123745819402,-2.1779114063883207
1.1337792642140467,-0.1445800761681486
1.1538461538461542,-0.16684429834897174
1.1739130434782608,-0.18469911518428161
1.1939799331103682,4.516750671784576
1.2140468227424748,-0.1422962031716266
1.2341137123745822,0.6394118150026868
1.2541806020066888,0.36677351020967863
1.2742474916387962,-0.07601945244845598
1.2943143812709028,-1.4568528587656315
1.3143812709030103,0.049686466629033976
1.3344481605351168,-2.128117067480274
1.3545150501672243,-1.3804248619280417
1.3745819397993309,-1.7410326095565485
1.3946488294314383,-0.9466852072957312
1.4147157190635449,2.2044068602165843
1.4347826086956523,-3.714920149674647
1.454849498327759,-0.10749225492836623
1.4749163879598663,-3.3611024167918484
1.4949832775919738,-1.7486772459780726
1.5150501672240804,0.4593823307407816
1.5351170568561878,-0.9875105452146342
1.5551839464882944,-2.598748593915546
1.5752508361204018,-2.0806840453520197
1.5953177257525084,-0.1007848568201769
1.6153846153846159,-2.08580045679129
1.6354515050167224,-0.7359975713248483
1.6555183946488299,-0.9650125237486753
1.6755852842809364,-1.9363901878208876
1.695652173913044,2.033649140375056
1.7157190635451505,-0.08328328660912976
1.735785953177258,-3.82312170698003
1.7558528428093645,-0.6726769211010077
1.775919732441472,-1.8473086056028452
1.7959866220735785,0.32132735000885804
1.816053511705686,-1.9754822324025698
1.8361204013377925,-0.9850847825369847
1.8561872909699,-0.0743797532667908
1.8762541806020065,0.47258358348776675
1.896321070234114,-2.409956770464491
1.9163879598662206,-1.1436412313608457
1.936454849498328,-1.2977026368718425
1.9565217391304346,-1.502696243972082
1.976588628762542,1.9680457217719076
1.9966555183946486,0.0969629688122795
2.016722408026756,-2.2030955901877514
2.0367892976588626,0.9369286909741725
2.05685618729097,2.7019177414145465
2.0769230769230766,1.225836608385999
2.096989966555184,-2.3148459839565954
2.1170568561872907,-0.7795337202284681
2.137123745819398,1.7716899016252061
2.1571906354515056,-0.9426668486309984
2.177257525083612,0.7673690931804426
2.1973244147157196,1.3203310887338713
2.217391304347826,-0.9973176226989289
2.2374581939799336,0.32178631910572353
2.25752508361204,-4.081713263624381
2.2775919732441476,-0.8465785731471072
2.297658862876254,0.3488384729834401
2.3177257525083617,-0.9507259552529481
2.3377926421404682,3.2344264108481067
2.3578595317725757,-0.980596604093011
2.3779264214046822,0.5399095755939577
2.3979933110367897,1.4717162086551492
2.4180602006688963,3.4540614243205203
2.4381270903010037,-0.48139175066620643
2.4581939799331103,3.33215747747155
2.4782608695652177,1.8442624005214519
2.4983277591973243,0.5890301734025309
2.5183946488294318,2.78269997341822
2.5384615384615383,2.56767061876147
2.558528428093646,1.599256293510218
2.5785953177257523,2.7137890867371124
2.59866220735786,2.242278157749098
2.6187290969899664,3.125076716216003
2.638795986622074,4.083592497394508
2.6588628762541804,5.578228314910956
2.678929765886288,1.778284616884051
2.6989966555183944,6.744529220420479
2.719063545150502,1.1721181870451418
2.7391304347826084,3.9287247015252897
2.759197324414716,5.191846437147141
2.7792642140468224,4.979641317990417
2.79933110367893,3.9301020523390875
2.8193979933110374,4.751027074657519
2.839464882943144,4.589019720063563
2.8595317725752514,4.69995798237452
2.879598662207358,6.988625453573399
2.8996655518394654,6.552206741697429
2.919732441471572,5.334235288207967
2.9397993311036794,7.859974233911155
2.959866220735786,7.302770626501415
2.9799331103678934,8.305127122237073
3.0,8.340429647509637
