Návštěvník,Pořadí,Pohlaví,Místo bydliště,Škola,Zdroj informace o DOD,Který obor mne zajímá,Učitelství - předmět,Co je důležité při výběru školy,Číslo obuvi,Kočka nebo pes?,Čas hlasování
Návštěvník 2,2,Muž,Jiný okres,Nestuduji na žádné škole,Web univerzity/fakulty,"Aplikovaná informatika,Matematika ve firmách a veřejné správě",,Zaměření,45,🐶 Jedině pes!,12.2.2026 08:07
Návštěvník 3,3,Muž,Teplice,Gymnázium,Web univerzity/fakulty,"Aplikovaná chemie,Matematika ve firmách a veřejné správě",,"Styl učení, jakým učitele na dané škole učí. Dostupnost. Stav koleji (pokud jsou).",42,😺 Jasně že kočka!,12.2.2026 08:08
Návštěvník 4,4,Žena,Teplice,Střední odborná škola,Plakát/Leták/Billboard,Geografie (neučitelská),,"Obor, dojezdová vzdálenost",40,😺 Jasně že kočka!,12.2.2026 08:11
Návštěvník 5,5,Žena,Teplice,Střední odborná škola,Web univerzity/fakulty,"""Učitelství (obory pro vzdělávání, učitelství pro SŠ)""","Fyzika,Biologie","Prostředí, komunita, vzdálenost od bydliště, prestiž fakulty",42,🐶 Jedině pes!,12.2.2026 08:11
Návštěvník 6,6,Žena,Teplice,Střední odborná škola,Doporučil mi kamarád,"""Učitelství (obory pro vzdělávání, učitelství pro SŠ)""",Biologie,"prostředí, vstřícnost studentů ",40,😺 Jasně že kočka!,12.2.2026 08:11
Návštěvník 7,7,Muž,Litoměřice,Střední odborná škola,Doporučil mi učitel,Aplikovaná chemie,,"Chování učitelů, ",46,🐶 Jedině pes!,12.2.2026 08:16
Návštěvník 8,8,Muž,Litoměřice,Střední odborná škola,Instagram/Facebook,"Aplikovaná chemie,Biologie (neučitelská)",,Dojíždění a kvalita studia,47,🐶 Jedině pes!,12.2.2026 08:16
Návštěvník 9,9,Muž,Teplice,Střední odborná škola,Doporučil mi učitel,Aplikovaná chemie,,"Obor ve kterém chci dále pracovat v životě,
kolektiv učitelů a studentů, aby to pro mě bylo dostupné ohledně dopravy.",42,🐶 Jedině pes!,12.2.2026 08:18
Návštěvník 10,10,Muž,Litoměřice,Nestuduji na žádné škole,Instagram/Facebook,"Aplikovaná informatika,""Učitelství (obory pro vzdělávání, učitelství pro SŠ)""",Informatika,Dostupnost,41,🐶 Jedině pes!,12.2.2026 08:19
Návštěvník 11,11,Muž,Litoměřice,Střední odborná škola,Instagram/Facebook,Aplikovaná informatika,,Možnosti oborů a dobrý přístup ke studentům ,45,🐶 Jedině pes!,12.2.2026 08:19
Návštěvník 12,12,Žena,Litoměřice,Gymnázium,Instagram/Facebook,Biologie (neučitelská),,Kvalita vzdělání,39,😺 Jasně že kočka!,12.2.2026 08:49
Návštěvník 13,13,Žena,Litoměřice,Střední odborná škola,Instagram/Facebook,"""Učitelství (obory pro vzdělávání, učitelství pro SŠ)""","Fyzika,Matematika","Možnost vyjet s Erasmem, šance na přijetí ",38,😺 Jasně že kočka!,12.2.2026 08:50
Návštěvník 14,14,Žena,Děčín,Gymnázium,Instagram/Facebook,Biologie (neučitelská),,"aby mě bavila a viděla jsem se, že budu dělat profesi navazující na svou střední a vysokou",42,😺 Jasně že kočka!,12.2.2026 08:51
Návštěvník 15,15,Žena,Děčín,Střední odborná škola,Doporučil mi kamarád,Biologie (neučitelská),,"prestižnost, velký výběr oborů",43,🐶 Jedině pes!,12.2.2026 08:52
Návštěvník 16,16,Muž,Děčín,Gymnázium,Doporučil mi kamarád,"Biologie (neučitelská),Aplikovaná chemie",,Obory,45,😺 Jasně že kočka!,12.2.2026 09:06
Návštěvník 17,17,Muž,Děčín,Gymnázium,Plakát/Leták/Billboard,"Aplikovaná informatika,Geografie (neučitelská)",,"Město, výběr oborů a doporučení od rodiny",47,🐶 Jedině pes!,12.2.2026 09:06
Návštěvník 18,18,Žena,Jiný okres,Vysoká škola,Instagram/Facebook,Biologie (neučitelská),,"Dopravní dostupnost, vstřícné jednání, zajímavé předměty ve studijním programu",38,😺 Jasně že kočka!,12.2.2026 09:09
Návštěvník 19,19,Žena,Jiný okres,Vysoká škola,Plakát/Leták/Billboard,Biologie (neučitelská),,"Organizace studia
Možnosti různých předmětů
Dopravní dostupnost",39,🐶 Jedině pes!,12.2.2026 09:10
Návštěvník 20,20,Žena,Most,Střední odborná škola,Instagram/Facebook,"""Učitelství (obory pro vzdělávání, učitelství pro SŠ)""",Matematika,Šance na přijetí ,40,🐶 Jedině pes!,12.2.2026 09:27
Návštěvník 21,21,Muž,Most,Střední odborná škola,Web univerzity/fakulty,"Aplikovaná informatika,""Učitelství (obory pro vzdělávání, učitelství pro SŠ)""",Informatika,Přístup učitelů ,48,😺 Jasně že kočka!,12.2.2026 09:58
Návštěvník 22,22,Žena,Most,Střední odborná škola,Instagram/Facebook,Aplikované nanotechnologie,,"Praktická výuka, uplatnění v oboru a zajímavost",39,🐶 Jedině pes!,12.2.2026 10:00
Návštěvník 23,23,Muž,Teplice,Nestuduji na žádné škole,Instagram/Facebook,Aplikovaná informatika,,Profesní využití,42,🐶 Jedině pes!,12.2.2026 10:18
Návštěvník 24,24,Muž,Děčín,Střední odborná škola,Doporučil mi učitel,Počítačové modelování ve vědě a technice,,Učitelé ,43,🐶 Jedině pes!,12.2.2026 10:24
Návštěvník 25,25,Muž,Litoměřice,Střední odborná škola,Instagram/Facebook,Počítačové modelování ve vědě a technice,,Učitelé,41,🐶 Jedině pes!,12.2.2026 10:24
Návštěvník 26,26,Žena,Chomutov,Gymnázium,Web univerzity/fakulty,"Geografie (neučitelská),Počítačové modelování ve vědě a technice",,"Nejspíše jak se škola prezentuje a celkově nabídka studijních programů a oborů. Plusové body jsou určitě za vzdálenost, čím blíž, tím později můžu vstávat.",40,😺 Jasně že kočka!,12.2.2026 10:24
Návštěvník 27,27,Muž,Jiný okres,Střední odborná škola,Instagram/Facebook,"Aplikovaná informatika,Počítačové modelování ve vědě a technice",,Kvalita výuky,43,😺 Jasně že kočka!,12.2.2026 10:24
Návštěvník 28,28,Žena,Jiný okres,Gymnázium,Doporučil mi kamarád,"Geografie (neučitelská),Matematika ve firmách a veřejné správě",,"Kolektiv, finanční přízeň, pocit z lidi a prostředí ",38,😺 Jasně že kočka!,12.2.2026 10:27
Návštěvník 29,29,Žena,Ústí nad Labem,Střední odborná škola,Web univerzity/fakulty,"Aplikovaná informatika,Aplikovaná chemie",,"Vybrat si obor, který by mě bavil. Doufat že tam najdu dobrý kolektiv",37,😺 Jasně že kočka!,12.2.2026 10:27
Návštěvník 30,30,Žena,Litoměřice,Gymnázium,Instagram/Facebook,Aplikovaná chemie,,"Lidský přístup, abych vedela  ze je vysoka skola dobra",37,Alergik 🙄,12.2.2026 10:29
Návštěvník 31,31,Muž,Litoměřice,Gymnázium,Jinde,"""Učitelství (obory pro vzdělávání, učitelství pro SŠ)""",Chemie,"Vzdálenost, lidský přístup",44,😺 Jasně že kočka!,12.2.2026 10:29
Návštěvník 32,32,Žena,Litoměřice,Gymnázium,Jinde,"Aplikovaná chemie,Biologie (neučitelská)",,"Praxe, lidský přístup",375,😺 Jasně že kočka!,12.2.2026 10:29
Návštěvník 33,33,Žena,Teplice,Střední odborná škola,Instagram/Facebook,"""Učitelství (obory pro vzdělávání, učitelství pro SŠ)""",Biologie,"Blízkost, působení školy při DOD",38,🐶 Jedině pes!,12.2.2026 10:38
Návštěvník 34,34,Žena,Ústí nad Labem,Gymnázium,Instagram/Facebook,Matematika ve firmách a veřejné správě,,Aby mě obor bavil,39,😺 Jasně že kočka!,12.2.2026 10:46
Návštěvník 35,35,Žena,Ústí nad Labem,Nestuduji na žádné škole,Instagram/Facebook,Matematika ve firmách a veřejné správě,,Lidský přístup ,40,😺 Jasně že kočka!,12.2.2026 10:47
Návštěvník 36,36,Žena,Děčín,Gymnázium,Instagram/Facebook,Aplikovaná informatika,,"Příjemné prostředí, tým, úroveň vzdělání.",39,🐶 Jedině pes!,12.2.2026 10:52
Návštěvník 37,37,Žena,Ústí nad Labem,Gymnázium,Instagram/Facebook,Aplikovaná informatika,,Úroveň vzdělání ,38,😺 Jasně že kočka!,12.2.2026 10:52
Návštěvník 38,38,Žena,Děčín,Gymnázium,Plakát/Leták/Billboard,Biologie (neučitelská),,"možnost ubytování, přijímací zkoušky, prostředí školy",39,🐶 Jedině pes!,12.2.2026 10:58
Návštěvník 39,39,Muž,Louny,Gymnázium,Doporučil mi kamarád,"""Učitelství (obory pro vzdělávání, učitelství pro SŠ)""","Biologie,Geografie","Obor, prostředí, přijímačky",43,😺 Jasně že kočka!,12.2.2026 10:59
Návštěvník 40,40,Žena,Děčín,Gymnázium,Web univerzity/fakulty,Biologie (neučitelská),,"studijni obory, vzhled školy",40,🐶 Jedině pes!,12.2.2026 10:59
Návštěvník 41,41,Žena,Děčín,Gymnázium,Web univerzity/fakulty,Biologie (neučitelská),,Vzdálenost od bydliště,41,😺 Jasně že kočka!,12.2.2026 10:59
Návštěvník 42,42,Žena,Louny,Gymnázium,Doporučil mi kamarád,"""Učitelství (obory pro vzdělávání, učitelství pro SŠ)""",Geografie,Prostředí ,4142,🐶 Jedině pes!,12.2.2026 11:01
Návštěvník 43,43,Žena,Děčín,Vysoká škola,Web univerzity/fakulty,Aplikovaná chemie,,"Nabídka, dostupnost, kolektiv",40,🐶 Jedině pes!,12.2.2026 11:02
Návštěvník 44,44,Žena,Teplice,Gymnázium,Web univerzity/fakulty,"""Učitelství (obory pro vzdělávání, učitelství pro SŠ)""","Biologie,Chemie",Osobní přístup k žákům,40,😺 Jasně že kočka!,12.2.2026 11:12
Návštěvník 45,45,Muž,Chomutov,Střední odborná škola,Doporučil mi kamarád,Aplikovaná informatika,,Lokalita,45,🐶 Jedině pes!,12.2.2026 11:13
Návštěvník 46,46,Žena,Litoměřice,Vysoká škola,Web univerzity/fakulty,Geografie (neučitelská),,Vzdálenost od músta bydliště,41,😺 Jasně že kočka!,12.2.2026 11:14
Návštěvník 47,47,Muž,Chomutov,Střední odborná škola,Web univerzity/fakulty,Aplikovaná informatika,,"Při výběru vysoké školy je pro mě zásadní kvalita výuky a reálné uplatnění po studiu, myšleno třeba logický myšlení abych nemusel jen pracovat. Nejde mi jen o titul, ale o dovednosti, které mají hodnotu i na trhu práce.
Důležitá je také propojenost s praxí, možnost stáží a spolupráce s firmami. Záleží mi i na prostředí a motivující komunitě, která mě bude posouvat dál.",44,😺 Jasně že kočka!,12.2.2026 11:16
Návštěvník 48,48,Žena,Chomutov,Gymnázium,Web univerzity/fakulty,Biologie (neučitelská),,Blizkost meho bydliste,37,🐶 Jedině pes!,12.2.2026 11:34
Návštěvník 49,49,Muž,Chomutov,Gymnázium,Web univerzity/fakulty,Aplikovaná informatika,,Prostředí a 1.dojem ,43,🐶 Jedině pes!,12.2.2026 11:35
Návštěvník 50,50,Žena,Jiný okres,Nestuduji na žádné škole,Web univerzity/fakulty,"""Učitelství (obory pro vzdělávání, učitelství pro SŠ)""","Matematika,Fyzika","Aktuálně nabízené obory, cena a náročnost studia.",38,Alergik 🙄,12.2.2026 12:00
Návštěvník 51,51,Žena,Jiný okres,Střední odborná škola,Doporučil mi učitel,"""Učitelství (obory pro vzdělávání, učitelství pro SŠ)""","Biologie,Geografie,Chemie","Vzdálenost od domova
",43,🐶 Jedině pes!,12.2.2026 12:01
Návštěvník 52,52,Žena,Ústí nad Labem,Střední odborná škola,Jinde,Biologie (neučitelská),,"Zajímavosti, nové zkušenosti, nabídky výuky ",40,🐶 Jedině pes!,12.2.2026 12:01
Návštěvník 53,53,Žena,Ústí nad Labem,Střední odborná škola,Doporučil mi učitel,Aplikovaná chemie,,Hodiny matiky,39,🐶 Jedině pes!,12.2.2026 12:02
Návštěvník 54,54,Žena,Litoměřice,Střední odborná škola,Doporučil mi učitel,"""Učitelství (obory pro vzdělávání, učitelství pro SŠ)""",Informatika,Vzdálenost od domova,42,🐶 Jedině pes!,12.2.2026 12:04
Návštěvník 55,55,Žena,Litoměřice,Střední odborná škola,Jinde,"""Učitelství (obory pro vzdělávání, učitelství pro SŠ)""","Biologie,Geografie","Prestiž školy, hodně oborů",42,🐶 Jedině pes!,12.2.2026 12:07
Návštěvník 56,56,Žena,Teplice,Střední odborná škola,Plakát/Leták/Billboard,"""Učitelství (obory pro vzdělávání, učitelství pro SŠ)""",Geografie,aby byla sympatická a blízko mého domova,40,🐶 Jedině pes!,12.2.2026 12:20
Návštěvník 57,57,Žena,Ústí nad Labem,Vysoká škola,Instagram/Facebook,Biologie (neučitelská),,Obor ,37,🐶 Jedině pes!,12.2.2026 12:22
Návštěvník 58,58,Žena,Chomutov,Gymnázium,Web univerzity/fakulty,Aplikovaná informatika,,"Možnosti uplatnění po studiu, možnosti praxe",38,🐶 Jedině pes!,12.2.2026 12:28
Návštěvník 59,59,Žena,Ústí nad Labem,Nestuduji na žádné škole,Instagram/Facebook,"""Učitelství (obory pro vzdělávání, učitelství pro SŠ)""","Informatika,Geografie","Odbornost profesorů; způsob výuky, kde bude možnost hlavně praktických lekcí; možnost kombinovaného studia; uplatnění v budoucím zaměstnání.",40,🐶 Jedině pes!,12.2.2026 12:32
Návštěvník 60,60,Žena,Teplice,Vysoká škola,Doporučil mi kamarád,Biologie (neučitelská),,"Jaká je její reputace, jaké obory jsou k dispozici, a jestli z oboru jde pokračovat ",38,🐶 Jedině pes!,12.2.2026 12:33
Návštěvník 61,61,Žena,Děčín,Střední odborná škola,Instagram/Facebook,"""Učitelství (obory pro vzdělávání, učitelství pro SŠ)""",Geografie,"Lokace, prostředí, kantoři, systém",39,😺 Jasně že kočka!,12.2.2026 12:39
Návštěvník 62,62,Muž,Most,Gymnázium,Instagram/Facebook,Aplikovaná informatika,,obor,43,😺 Jasně že kočka!,12.2.2026 12:46
Návštěvník 63,63,Muž,Ústí nad Labem,Vysoká škola,Plakát/Leták/Billboard,Počítačové modelování ve vědě a technice,,Kolektiv a dostupnost,41,😺 Jasně že kočka!,12.2.2026 12:51
Návštěvník 64,64,Muž,Litoměřice,Střední odborná škola,Web univerzity/fakulty,"Aplikované nanotechnologie,Aplikovaná chemie",,"Atmosféra, přístup učitelů, lokace, výhody spojené se školou ",42,😺 Jasně že kočka!,12.2.2026 12:56
Návštěvník 65,65,Žena,Teplice,Střední odborná škola,Instagram/Facebook,"""Učitelství (obory pro vzdělávání, učitelství pro SŠ)""",Biologie,Prestiž,38,😺 Jasně že kočka!,12.2.2026 13:11
Návštěvník 66,66,Žena,Teplice,Gymnázium,Plakát/Leták/Billboard,"""Učitelství (obory pro vzdělávání, učitelství pro SŠ)""",Matematika,Vzdálenost ,37,😺 Jasně že kočka!,12.2.2026 13:12
Návštěvník 67,67,Muž,Ústí nad Labem,Střední odborná škola,Instagram/Facebook,"""Učitelství (obory pro vzdělávání, učitelství pro SŠ)""",Matematika,Kvalita výuky,40,😺 Jasně že kočka!,12.2.2026 13:13
Návštěvník 68,68,Muž,Ústí nad Labem,Gymnázium,Plakát/Leták/Billboard,Aplikovaná chemie,,"Aby to byl obor, který má dá širokou možnost budoucího zaměstnání. Abych mohl vždy dělat to co chci a nelimitovalo mě moje vzdělávání, které může být případně nedostatečné ",40,😺 Jasně že kočka!,12.2.2026 13:17
Návštěvník 69,69,Žena,Jiný okres,Nestuduji na žádné škole,Instagram/Facebook,Geografie (neučitelská),,Vzdálenost,43,Alergik 🙄,12.2.2026 13:19
Návštěvník 70,70,Žena,Ústí nad Labem,Vysoká škola,Instagram/Facebook,Aplikovaná chemie,,Rodinná atmosféra ,36,🐶 Jedině pes!,12.2.2026 13:21
Návštěvník 71,71,Žena,Ústí nad Labem,Střední odborná škola,Doporučil mi kamarád,Aplikovaná chemie,,aby byl skvely pristup a misto kde se citim bezpecne,38,🐶 Jedině pes!,12.2.2026 13:25
Návštěvník 72,72,Žena,Litoměřice,Nestuduji na žádné škole,Doporučil mi kamarád,"""Učitelství (obory pro vzdělávání, učitelství pro SŠ)""",Biologie,Blízkost od bydliště ,38,😺 Jasně že kočka!,12.2.2026 13:48
Návštěvník 73,73,Žena,Litoměřice,Střední odborná škola,Instagram/Facebook,Geografie (neučitelská),,budoucí uplatnění ,40,😺 Jasně že kočka!,12.2.2026 13:48
Návštěvník 74,74,Žena,Litoměřice,Nestuduji na žádné škole,Doporučil mi kamarád,"""Učitelství (obory pro vzdělávání, učitelství pro SŠ)""",Biologie,Prestiž ,38,😺 Jasně že kočka!,12.2.2026 13:50
Návštěvník 75,75,Žena,Litoměřice,Střední odborná škola,Doporučil mi kamarád,Geografie (neučitelská),,aby mě bavila,41,😺 Jasně že kočka!,12.2.2026 13:50
Návštěvník 76,76,Muž,Ústí nad Labem,Střední odborná škola,Doporučil mi kamarád,Geografie (neučitelská),,Přístup školy,45,🐶 Jedině pes!,12.2.2026 13:53
Návštěvník 77,77,Žena,Teplice,Střední odborná škola,Instagram/Facebook,Biologie (neučitelská),,"Recenze studentů, kteří studují obor o který se zajímám. ",38,😺 Jasně že kočka!,12.2.2026 13:55
Návštěvník 78,78,Jiné,Ústí nad Labem,Střední odborná škola,Instagram/Facebook,"""Učitelství (obory pro vzdělávání, učitelství pro SŠ)""","Informatika,Matematika","Vzdálenost, finance, přátelé/komunita a rozmanitost oborů :)",36,😺 Jasně že kočka!,12.2.2026 14:06
Návštěvník 79,79,Muž,Teplice,Vysoká škola,Web univerzity/fakulty,Aplikovaná informatika,,Status studenta :D ,43,😺 Jasně že kočka!,12.2.2026 14:24
Návštěvník 80,80,Žena,Litoměřice,Vysoká škola,Instagram/Facebook,"""Učitelství (obory pro vzdělávání, učitelství pro SŠ)""","Fyzika,Biologie",Její umístění vzhledem k mému bydlišti. Také se dívám na přístup zaměstnanců a atraktivitu vyučovaných předmětů. ,38,🐶 Jedině pes!,12.2.2026 14:26
Návštěvník 81,81,Muž,Děčín,Gymnázium,Instagram/Facebook,"Matematika ve firmách a veřejné správě,Geografie (neučitelská)",,"Kolektiv, uplatnění, dopravní dostupnost, jestli mě bude daný obor bavit",47,Alergik 🙄,12.2.2026 14:40
Návštěvník 82,82,Muž,Ústí nad Labem,Střední odborná škola,Doporučil mi učitel,Aplikovaná informatika,,"profesionalita, připravenost na den otevřených dveří (vypovídá to hodně) a příjemnost zaměstnanců",44,🐶 Jedině pes!,12.2.2026 14:46
Návštěvník 83,83,Žena,Ústí nad Labem,Střední odborná škola,Instagram/Facebook,Geografie (neučitelská),,"Důležitý je pro mě obsah studia, možnost praktických zkušeností a dobré uplatnění po absolvování. Také je pro mě podstatná kvalita výuky a příjemné studijní prostředí",38,🐶 Jedině pes!,12.2.2026 14:49
Návštěvník 84,84,Žena,Ústí nad Labem,Nestuduji na žádné škole,Jinde,"""Učitelství (obory pro vzdělávání, učitelství pro SŠ)""",Fyzika,Že jsem tu jako doma,40,🐶 Jedině pes!,12.2.2026 14:56
Návštěvník 85,85,Žena,Jiný okres,Gymnázium,Doporučil mi učitel,Biologie (neučitelská),,"prostředí, výbava ",365,🐶 Jedině pes!,12.2.2026 15:31
Návštěvník 86,86,Muž,Ústí nad Labem,Nestuduji na žádné škole,Jinde,Geografie (neučitelská),,Zájem o problematiku a možnost budoucího uplatnění ,48,🐶 Jedině pes!,12.2.2026 15:57
Návštěvník 87,87,Žena,Ústí nad Labem,Vysoká škola,Web univerzity/fakulty,Biologie (neučitelská),,Uplatnitelnost v zaměstnání ,39,🐶 Jedině pes!,12.2.2026 15:59
Návštěvník 88,88,Žena,Teplice,Gymnázium,Web univerzity/fakulty,Biologie (neučitelská),,"Přístup kantor k žákům, možnosti uplatnění v oboru, dosah, kvalita vzdělání, ... ",38,🐶 Jedině pes!,12.2.2026 16:26
Návštěvník 89,89,Žena,Teplice,Gymnázium,Web univerzity/fakulty,"""Učitelství (obory pro vzdělávání, učitelství pro SŠ)"",Biologie (neučitelská),Aplikovaná chemie","Biologie,Chemie","Akreditace a kvalita školy, obsah a zaměření studijního programu, uplatnění absolventů na trhu práce, možnosti praxe a stáží, reputace školy a reference studentů, lokalita (dojíždění, koleje), finanční náklady (školné, bydlení, životní náklady), možnosti zahraničních pobytů (Erasmus apod.), podmínky přijímacího řízení, atmosféra a studentský život",37,🐶 Jedině pes!,12.2.2026 16:30
Návštěvník 90,90,Muž,Litoměřice,Střední odborná škola,Doporučil mi učitel,"""Učitelství (obory pro vzdělávání, učitelství pro SŠ)""",Geografie,"Dobrý a kvalitní přístup 
Atmosféra
Přístup pedagogů
Vzdálenost od bydliště ",44,🐶 Jedině pes!,12.2.2026 18:06
Návštěvník 91,91,Žena,Ústí nad Labem,Nestuduji na žádné škole,Web univerzity/fakulty,"""Učitelství (obory pro vzdělávání, učitelství pro SŠ)""","Biologie,Chemie","Vzdálenost od bydliště, možnost kombinované formy studia.",39,😺 Jasně že kočka!,12.2.2026 21:18
Návštěvník 92,92,Žena,Děčín,Gymnázium,Web univerzity/fakulty,"""Učitelství (obory pro vzdělávání, učitelství pro SŠ)""",Matematika,"Co se na škole mohu naučit, jaký je přístup kantorů, jak se na škole cítí studenti",38,🐶 Jedině pes!,12.2.2026 22:42
Návštěvník 93,93,Muž,Chomutov,Gymnázium,Web univerzity/fakulty,Aplikovaná chemie,,"Prostředí a celkový vzhled školy, výhled z okna učebny a lidé kteří tam vyučují.",586,Alergik 🙄,15.2.2026 11:10
Návštěvník 94,94,Muž,Jiný okres,Nestuduji na žádné škole,Web univerzity/fakulty,Biologie (neučitelská),,Rozsah studia a přístup vyučujících/fakulty. ,47,😺 Jasně že kočka!,17.2.2026 15:54